,Unnamed: 0,Clone,Position,Type,Base Change,gene_symbol,Protein,gene_ID,type,start,stop,description,Unnamed: 6,Unnamed: 7,Unnamed: 8
0,0,6.5S1,4534,NS-SNP,C->T,thrC,R268C,ECB_00004,cds,3733.0,5019.0,threonine synthase,,,
1,3,6.5S1,14898,NS-SNP,T->C,dnaJ,Y245H,ECB_00015,cds,14166.0,15296.0,"chaperone Hsp40, co-chaperone with DnaK",,,
2,4,6.5S1,67687,S-SNP,A->G,polB,,ECB_00062,cds,66233.0,68584.0,DNA polymerase II,,,
3,5,6.5S1,94365,NS-SNP,C->T,ftsI,P50L,ECB_00085,cds,94217.0,95983.0,transpeptidase involved in septal peptidoglycan synthesis (penicillin-binding protein 3),,,
4,6,6.5S1,100745,S-SNP,A->G,murD,,ECB_00089,cds,99891.0,101207.0,UDP-N-acetylmuramoyl-L-alanyl-D-glutamatesynthetase,,,
5,7,6.5S1,115677,NS-SNP,A->G,coaE,V116A,ECB_00103,cds,115403.0,116023.0,dephospho-CoA kinase,,,
6,8,6.5S1,178541,NS-SNP,T->C,clcA,L198S,,,,,,,,
7,9,6.5S1,205872,S-SNP,C->T,lpxA,,ECB_00179,cds,205402.0,206190.0,UDP-N-acetylglucosamine acyltransferase,,,
8,10,6.5S1,266234,S-SNP,A->G,proA,,ECB_00240,cds,265995.0,267248.0,gamma-glutamyl phosphate reductase,,,
9,11,6.5S1,269551,NS-SNP,C->T,yagR,C523Y,ECB_00243,cds,268920.0,271118.0,predicted oxidoreductase with molybdenum-binding domain,,,
10,14,6.5S1,294649,S-SNP,A->G,ykgE,,ECB_00262,cds,294257.0,294976.0,predicted oxidoreductase,,,
11,15,6.5S1,332236,S-SNP,G->A,cynS,,ECB_00294,cds,332045.0,332515.0,cyanate hydratase,,,
12,16,6.5S1,332926,S-SNP,C->T,cynX,,ECB_00295,cds,332548.0,333702.0,predicted cyanate transporter,,,
13,19,6.5S1,405310,S-SNP,C->T,pgpA,,ECB_00366,cds,405011.0,405529.0,phosphatidylglycerophosphatase A,,,
14,22,6.5S1,451466,NS-SNP,C->T,maa,G174S,ECB_00410,cds,451434.0,451985.0,maltose O-acetyltransferase,,,
15,23,6.5S1,459090,NS-SNP,C->T,kefA,T163M,ECB_00416,cds,458603.0,461965.0,fused conserved hypothetical protein,,,
16,24,6.5S1,474561,NS-SNP,A->G,ybaL,S249P,ECB_00429,cds,473629.0,475305.0,predicted transporter with NAD(P)-binding Rossmann-fold domain,,,
17,25,6.5S1,478845,Insertion,1_bp,ybaK,,ECB_00432,cds,478670.0,479149.0,hypothetical protein,,,
18,26,6.5S1,478850,S-SNP,A->C,ybaK,,ECB_00432,cds,478670.0,479149.0,hypothetical protein,,,
19,27,6.5S1,486377,NS-SNP,C->T,cueR,P73S,ECB_00438,cds,486161.0,486568.0,DNA-binding transcriptional activator protein,,,
20,28,6.5S1,501047,Insertion,1_bp,ybbD,,ECB_00451,cds,500807.0,501067.0,hypothetical protein,,,
21,29,6.5S1,506968,NS-SNP,G->A,gcl,R296H,ECB_00457,cds,506082.0,507863.0,glyoxylate carboligase,,,
22,30,6.5S1,518247,NS-SNP,C->T,allD,E95K,ECB_00467,cds,517480.0,518529.0,ureidoglycolate dehydrogenase,,,
23,31,6.5S1,532468,NS-SNP,C->T,sfmD,R222C,ECB_00482,cds,531805.0,534414.0,predicted outer membrane export usher protein,,,
24,34,6.5S1,574371,NS-SNP,C->T,cusS,A435T,ECB_00531,cds,574225.0,575673.0,"sensory histidine kinase in two-component regulatory system with CusR, senses copper ions",,,
25,35,6.5S1,581294,NS-SNP,G->A,cusA,E560K,ECB_00536,cds,579617.0,582760.0,"copper/silver efflux system, membrane component",,,
26,36,6.5S1,626325,NS-SNP,A->G,rna,S244P,ECB_00579,cds,626248.0,627054.0,ribonuclease I,,,
27,37,6.5S1,649522,NS-SNP,C->T,mrdA,G427D,ECB_00604,cds,648900.0,650801.0,transpeptidase involved in peptidoglycan synthesis (penicillin-binding protein 2),,,
28,39,6.5S1,677331,NS-SNP,A->G,ubiF,S46G,ECB_00630,cds,677196.0,678371.0,"2-octaprenyl-3-methyl-6-methoxy-1,4-benzoquinol hydroxylase",,,
29,41,6.5S1,804885,S-SNP,A->G,bioC,,ECB_00744,cds,804148.0,804903.0,"predicted methltransferase, enzyme of biotin synthesis",,,
30,42,6.5S1,806804,NS-SNP,A->G,uvrB,D218G,ECB_00746,cds,806152.0,808173.0,excinuclease ABC subunit B,,,
31,44,6.5S1,845838,Insertion,1_bp,mntR,,ECB_00784,cds,845808.0,846275.0,DNA-binding transcriptional regulator of mntH,,,
32,45,6.5S1,850519,S-SNP,T->C,ybiU,,ECB_00788,cds,850348.0,851613.0,hypothetical protein,,,
33,46,6.5S1,907400,NS-SNP,C->T,grxA,A21T,ECB_00854,cds,907203.0,907460.0,"glutaredoxin 1, redox coenzyme for ribonucleotide reductase (RNR1a)",,,
34,47,6.5S1,918367,S-SNP,A->G,artQ,,ECB_00867,cds,918241.0,918957.0,arginine transporter subunit,,,
35,49,6.5S1,950771,NS-SNP,A->G,ftsK,T164A,ECB_00894,cds,950282.0,954310.0,DNA-binding membrane protein required for chromosome resolution and partitioning,,,
36,50,6.5S1,1030571,S-SNP,C->T,pqiB,,ECB_00955,cds,1030350.0,1031990.0,paraquat-inducible protein B,,,
37,53,6.5S1,1037686,NS-SNP,T->C,sulA,T109A,ECB_00962,cds,1037501.0,1038010.0,SOS cell division inhibitor,,,
38,54,6.5S1,1042350,S-SNP,A->G,helD,,ECB_00966,cds,1041562.0,1043616.0,DNA helicase IV,,,
39,55,6.5S1,1046824,Deletion,1_bp,yccW,,ECB_00971,cds,1045870.0,1046973.0,predicted methyltransferase,,,
40,56,6.5S1,1053644,NS-SNP,A->G,hyaE,D67G,ECB_00979,cds,1053445.0,1053843.0,HyaE,,,
41,57,6.5S1,1057125,NS-SNP,G->A,appB,V247M,ECB_00982,cds,1056387.0,1057523.0,"cytochrome bd-II oxidase, subunit II",,,
42,58,6.5S1,1094105,S-SNP,T->C,putA,,ECB_01017,cds,1091204.0,1095166.0,fused DNA-binding transcriptional regulator/proline dehydrogenase/pyrroline-5-carboxylate dehydrogenase,,,
43,59,6.5S1,1149462,S-SNP,G->A,flgG,,ECB_01074,cds,1149298.0,1150080.0,flagellar component of cell-distal portion of basal-body rod,,,
44,63,6.5S1,1213508,NS-SNP,A->G,ycgE,V238A,ECB_01137,cds,1213489.0,1214220.0,predicted DNA-binding transcriptional regulator,,,
45,64,6.5S1,1246849,S-SNP,C->T,treA,,ECB_01172,cds,1245829.0,1247526.0,periplasmic trehalase,,,
46,67,6.5S1,1354410,NS-SNP,G->A,sapA,T357I,ECB_01271,cds,1353836.0,1355479.0,predicted antimicrobial peptide transporter subunit,,,
47,68,6.5S1,1355035,NS-SNP,C->T,sapA,D149N,ECB_01271,cds,1353836.0,1355479.0,predicted antimicrobial peptide transporter subunit,,,
48,69,6.5S1,1363126,NS-SNP,A->G,puuB,H176R,,,,,,,,
49,70,6.5S1,1383106,S-SNP,G->A,ycjX,,ECB_01298,cds,1382486.0,1383883.0,conserved hypothetical protein with nucleoside triphosphate hydrolase domain,,,
50,71,6.5S1,1413037,NS-SNP,G->A,recE,P507L,ECB_01327,cds,1411956.0,1414556.0,"exonuclease VIII, 5'-> 3' specific dsDNA exonuclease",,,
51,72,6.5S1,1447371,S-SNP,T->C,ynbA,,ECB_01363,cds,1446955.0,1447560.0,predicted inner membrane protein,,,
52,73,6.5S1,1453944,NS-SNP,C->T,hrpA,A499V,ECB_01368,cds,1452449.0,1456294.0,ATP-dependent helicase,,,
53,74,6.5S1,1465797,NS-SNP,A->G,ydcJ,E134G,ECB_01380,cds,1465397.0,1466740.0,hypothetical protein,,,
54,76,6.5S1,1532723,NS-SNP,A->G,ddpD,V78A,,,,,,,,
55,77,6.5S1,1580589,S-SNP,A->G,yneI,,ECB_01482,cds,1580358.0,1581746.0,predicted aldehyde dehydrogenase,,,
56,79,6.5S1,1646650,S-SNP,A->G,ynfL,,ECB_01564,cds,1645894.0,1646787.0,predicted DNA-binding transcriptional regulator,,,
57,82,6.5S1,1695430,NS-SNP,T->C,ydhA,S54G,ECB_01609,cds,1695260.0,1695589.0,predicted lipoprotein,,,
58,85,6.5S1,1733754,NS-SNP,A->T,pykF,I264F,ECB_01645,cds,1732965.0,1734377.0,pyruvate kinase,,,
59,89,6.5S1,1815710,NS-SNP,T->C,ynjC,V409A,ECB_01724,cds,1814485.0,1815975.0,fused transporter subunits of ABC superfamily,,,
60,90,6.5S1,1826622,S-SNP,T->C,sppA,,ECB_01735,cds,1826065.0,1827921.0,protease IV (signal peptide peptidase),,,
61,91,6.5S1,1868853,S-SNP,T->C,yeaY,,ECB_01776,cds,1868529.0,1869110.0,predicted lipoprotein,,,
62,92,6.5S1,1940852,Deletion,1_bp,yecT,,ECB_01848,cds,1940742.0,1941230.0,hypothetical protein,,,
63,93,6.5S1,1944477,Deletion,1_bp,flhB,,ECB_01851,cds,1943813.0,1944961.0,flagellar biosynthesis protein B,,,
64,94,6.5S1,1944481,NS-SNP,A->C,flhB,F161V,ECB_01851,cds,1943813.0,1944961.0,flagellar biosynthesis protein B,,,
65,95,6.5S1,1969213,Deletion,1_bp,yecA,,ECB_01876,cds,1968948.0,1969613.0,conserved metal-binding protein,,,
66,96,6.5S1,1974150,NS-SNP,A->G,hchA,Y42C,,,,,,,,
67,98,6.5S1,2010661,NS-SNP,A->G,yeeA,V125A,ECB_01911,cds,2009976.0,2011034.0,conserved inner membrane protein,,,
68,99,6.5S1,2014169,NS-SNP,G->A,sbcB,G324E,ECB_01914,cds,2013199.0,2014626.0,exonuclease I,,,
69,100,6.5S1,2015168,S-SNP,T->C,yeeE,,ECB_01916,cds,2014910.0,2015968.0,predicted inner membrane protein,,,
70,101,6.5S1,2088363,NS-SNP,C->T,mdtA,R414C,,,,,,,,
71,102,6.5S1,2094204,NS-SNP,T->C,mdtC,L904P,,,,,,,,
72,106,6.5S1,2128584,NS-SNP,C->T,gatZ,M10I,,,,,,,,
73,107,6.5S1,2169035,S-SNP,C->T,yehY,,ECB_02060,cds,2168597.0,2169754.0,predicted transporter subunit,,,
74,108,6.5S1,2171395,S-SNP,G->A,bglX,,ECB_02062,cds,2170930.0,2173227.0,"beta-D-glucoside glucohydrolase, periplasmic",,,
75,109,6.5S1,2175382,NS-SNP,C->T,pbpG,V243M,ECB_02064,cds,2175176.0,2176108.0,D-alanyl-D-alanine endopeptidase,,,
76,110,6.5S1,2186143,S-SNP,T->C,yeiT,,ECB_02075,cds,2185271.0,2186509.0,predicted oxidoreductase,,,
77,111,6.5S1,2213468,NS-SNP,T->C,fruK,N29S,ECB_02097,cds,2212615.0,2213553.0,1-phosphofructokinase,,,
78,112,6.5S1,2216363,NS-SNP,G->A,yeiW,R41C,ECB_02100,cds,2216229.0,2216483.0,hypothetical protein,,,
79,115,6.5S1,2322337,IS_Insertion,IS186,menC,,ECB_02188,cds,2321513.0,2322475.0,O-succinylbenzoate synthase,,,
80,116,6.5S1,2378672,NS-SNP,T->C,truA,H186R,ECB_02243,cds,2378416.0,2379228.0,tRNA pseudouridine synthase A,,,
81,117,6.5S1,2409014,NS-SNP,G->A,vacJ,P146S,ECB_02272,cds,2408694.0,2409449.0,predicted lipoprotein,,,
82,118,6.5S1,2413069,S-SNP,A->G,dsdX,,ECB_02275,cds,2412074.0,2413411.0,predicted transporter,,,
83,119,6.5S1,2418405,NS-SNP,G->A,evgA,D142N,ECB_02279,cds,2417982.0,2418596.0,DNA-binding response regulator in two-component regulatory system with EvgS,,,
84,120,6.5S1,2431702,NS-SNP,T->C,yfdZ,H273R,ECB_02289,cds,2431281.0,2432519.0,hypothetical protein,,,
85,122,6.5S1,2452949,S-SNP,G->A,gltX,,ECB_02306,cds,2452133.0,2453548.0,glutamyl-tRNA synthetase,,,
86,123,6.5S1,2476458,S-SNP,C->T,murP,,,,,,,,,
87,124,6.5S1,2522405,NS-SNP,T->C,hyfA,V126A,ECB_02373,cds,2522029.0,2522646.0,"hydrogenase 4, 4Fe-4S subunit",,,
88,127,6.5S1,2633002,NS-SNP,C->T,nadB,R364C,ECB_02468,cds,2631913.0,2633535.0,L-aspartate oxidase,,,
89,128,6.5S1,2633980,NS-SNP,G->A,yfiC,P93L,ECB_02469,cds,2633520.0,2634257.0,predicted S-adenosyl-L-methionine-dependent methyltransferase,,,
90,129,6.5S1,2639803,S-SNP,G->A,yfiF,,ECB_02475,cds,2638984.0,2640021.0,predicted methyltransferase,,,
91,130,6.5S1,2646652,S-SNP,T->C,kgtP,,ECB_02481,cds,2645941.0,2647239.0,alpha-ketoglutarate transporter,,,
92,131,6.5S1,2707687,NS-SNP,G->A,emrB,W71*,ECB_02541,cds,2707475.0,2709013.0,multidrug efflux system protein,,,
93,132,6.5S1,2719798,NS-SNP,A->G,mltB,L213P,ECB_02551,cds,2719350.0,2720435.0,membrane-bound lytic murein transglycosylase B,,,
94,133,6.5S1,2722755,NS-SNP,A->G,srlD,T54A,ECB_02555,cds,2722596.0,2723375.0,3-ketoacyl-(acyl-carrier-protein) reductase,,,
95,134,6.5S1,2735375,NS-SNP,T->C,ascF,M331T,ECB_02565,cds,2734384.0,2735841.0,fused cellobiose/arbutin/salicin-specific PTS enzymes,,,
96,135,6.5S1,2784199,S-SNP,A->G,ygcQ,,ECB_02614,cds,2783419.0,2784279.0,predicted flavoprotein,,,
97,136,6.5S1,2790136,NS-SNP,T->C,yqcE,S349P,ECB_02619,cds,2789092.0,2790369.0,predicted transporter,,,
98,137,6.5S1,2798243,NS-SNP,G->A,pyrG,H118Y,ECB_02625,cds,2796957.0,2798594.0,CTP synthetase,,,
99,138,6.5S1,2800862,NS-SNP,T->C,relA,D573G,ECB_02629,cds,2800345.0,2802579.0,(p)ppGpp synthetase I/GTP pyrophosphokinase,,,
100,139,6.5S1,2814511,NS-SNP,G->A,queF,E79K,,,,,,,,
101,140,6.5S1,2836224,S-SNP,G->A,ygdD,,ECB_02658,cds,2835855.0,2836250.0,conserved inner membrane protein,,,
102,143,6.5S1,2850146,S-SNP,T->C,recB,,ECB_02668,cds,2847080.0,2850622.0,"exonuclease V (RecBCD complex), beta subunit",,,
103,144,6.5S1,2897437,NS-SNP,G->A,yqeA,M74I,ECB_02707,cds,2897216.0,2898148.0,predicted amino acid kinase,,,
104,145,6.5S1,2899613,IS_Insertion,IS150,yqeB,,ECB_02708,cds,2898369.0,2899994.0,conserved hypothetical protein with NAD(P)-binding Rossman fold,,,
105,146,6.5S1,2976544,S-SNP,T->C,endA,,ECB_02775,cds,2976098.0,2976805.0,DNA-specific endonuclease I,,,
106,147,6.5S1,2977749,NS-SNP,G->A,gshB,G41S,ECB_02777,cds,2977629.0,2978579.0,glutathione synthetase,,,
107,151,6.5S1,3015347,S-SNP,C->T,kpsD,,,,,,,,,
108,152,6.5S1,3037784,NS-SNP,G->A,epsD,T404M,,,,,,,,
109,155,6.5S1,3067566,NS-SNP,T->C,yghS,K160R,ECB_02861,cds,3067331.0,3068044.0,predicted protein with nucleoside triphosphate hydrolase domain,,,
110,156,6.5S1,3075592,S-SNP,G->A,hybC,,ECB_02870,cds,3075373.0,3077076.0,"hydrogenase 2, large subunit",,,
111,157,6.5S1,3123048,NS-SNP,A->G,yqiH,Y111C,ECB_02917,cds,3122717.0,3123466.0,predicted periplasmic pilin chaperone,,,
112,158,6.5S1,3123349,S-SNP,T->C,yqiH,,ECB_02917,cds,3122717.0,3123466.0,predicted periplasmic pilin chaperone,,,
113,159,6.5S1,3158462,NS-SNP,G->A,ebgA,A1005T,ECB_02945,cds,3155450.0,3158542.0,"cryptic beta-D-galactosidase, alpha subunit",,,
114,160,6.5S1,3162869,NS-SNP,G->A,ygjK,V389I,ECB_02949,cds,3161705.0,3164056.0,predicted glycosyl hydrolase,,,
115,161,6.5S1,3168389,NS-SNP,C->T,ygjO,D102N,ECB_02953,cds,3167556.0,3168692.0,predicted methyltransferase small domain protein,,,
116,162,6.5S1,3179772,S-SNP,T->C,exuR,,ECB_02963,cds,3179686.0,3180462.0,DNA-binding transcriptional repressor,,,
117,164,6.5S1,3218529,NS-SNP,G->A,kbaY,G52R,,,,,,,,
118,165,6.5S1,3220182,NS-SNP,A->G,agaC,T89A,ECB_03006,cds,3219918.0,3220721.0,N-acetylgalactosamine-specific enzyme IIC component of PTS,,,
119,166,6.5S1,3220975,NS-SNP,G->A,agaD,D89N,ECB_03007,cds,3220711.0,3221502.0,N-acetylgalactosamine-specific enzyme IID component of PTS,,,
120,167,6.5S1,3250447,NS-SNP,G->A,infB,H268Y,ECB_03035,cds,3248576.0,3251248.0,translation initiation factor IF-2,,,
121,168,6.5S1,3256388,NS-SNP,T->C,yhbX,S154G,ECB_03039,cds,3255222.0,3256847.0,"predicted hydrolase, inner membrane",,,
122,169,6.5S1,3343907,S-SNP,C->T,acrF,,ECB_03124,cds,3342924.0,3346028.0,multidrug efflux system protein,,,
123,170,6.5S1,3385583,S-SNP,G->A,gspD,,ECB_03176,cds,3384282.0,3386234.0,"general secretory pathway component, cryptic",,,
124,171,6.5S1,3419452,NS-SNP,C->T,yhfG,R25H,ECB_03213,cds,3419358.0,3419525.0,hypothetical protein,,,
125,172,6.5S1,3425074,NS-SNP,T->C,nirC,V56A,ECB_03218,cds,3424908.0,3425714.0,nitrite transporter,,,
126,173,6.5S1,3478428,S-SNP,G->A,malQ,,ECB_03268,cds,3476586.0,3478670.0,4-alpha-glucanotransferase (amylomaltase),,,
127,174,6.5S1,3483399,NS-SNP,T->C,malT,L572P,ECB_03270,cds,3481685.0,3484390.0,transcriptional regulator MalT,,,
128,175,6.5S1,3509731,NS-SNP,T->C,gntR,D150G,ECB_03289,cds,3509184.0,3510179.0,DNA-binding transcriptional repressor,,,
129,178,6.5S1,3512018,NS-SNP,A->T,yhhX,Y81N,ECB_03291,cds,3511221.0,3512258.0,predicted oxidoreductase with NAD(P)-binding Rossmann-fold domain,,,
130,179,6.5S1,3514265,NS-SNP,T->C,yhhZ,V317A,ECB_03293,cds,3513316.0,3514494.0,hypothetical protein,,,
131,180,6.5S1,3566519,S-SNP,A->G,yhiM,,ECB_03340,cds,3565530.0,3566582.0,conserved inner membrane protein,,,
132,181,6.5S1,3610949,NS-SNP,T->C,yhjJ,S162G,ECB_03375,cds,3609936.0,3611432.0,predicted zinc-dependent peptidase,,,
133,184,6.5S1,3677560,S-SNP,G->A,lyxK,,ECB_03432,cds,3677540.0,3679036.0,L-xylulose kinase,,,
134,185,6.5S1,3762120,NS-SNP,C->A,spoT,A455D,ECB_03507,cds,3760757.0,3762865.0,"bifunctional (p)ppGpp synthetase II/ guanosine-3',5'-bis pyrophosphate 3'-pyrophosphohydrolase",,,
135,190,6.5S1,3899899,IS_Insertion,IS150,rbsK,,ECB_03638,cds,3899101.0,3900030.0,ribokinase,,,
136,191,6.5S1,3925659,NS-SNP,C->T,gpp,A125T,,,,,,,,
137,194,6.5S1,4101025,NS-SNP,C->T,hslU,R69H,ECB_03816,cds,4099899.0,4101230.0,ATP-dependent protease ATP-binding subunit,,,
138,195,6.5S1,4117175,NS-SNP,A->G,yijF,V197A,ECB_03830,cds,4117147.0,4117764.0,hypothetical protein,,,
139,196,6.5S1,4185358,S-SNP,G->A,purD,,ECB_03882,cds,4184227.0,4185516.0,phosphoribosylamine-glycine ligase,,,
140,197,6.5S1,4202021,NS-SNP,C->T,iclR,R180H,ECB_03890,cds,4201735.0,4202559.0,DNA-binding transcriptional repressor,,,
141,198,6.5S1,4218174,Insertion,1_bp,yjbH,,ECB_03901,cds,4216566.0,4218662.0,predicted porin,,,
142,200,6.5S1,4225823,S-SNP,A->G,malK,,ECB_03907,cds,4225716.0,4226831.0,"fused maltose transport subunit, ATP-binding component of ABC superfamily/regulatory protein",,,
143,201,6.5S1,4235048,S-SNP,A->G,plsB,,ECB_03913,cds,4232975.0,4235398.0,glycerol-3-phosphate acyltransferase,,,
144,203,6.5S1,4303399,NS-SNP,G->A,phnC,T194I,ECB_03977,cds,4303191.0,4303979.0,phosphonate/organophosphate ester transporter subunit,,,
145,205,6.5S1,4334407,NS-SNP,A->G,yjdL,V242A,ECB_04001,cds,4333674.0,4335131.0,predicted transporter,,,
146,206,6.5S1,4357593,Insertion,1_bp,ampC,,ECB_04022,cds,4356522.0,4357655.0,beta-lactamase/D-alanine carboxypeptidase,,,
147,207,6.5S1,4361415,NS-SNP,C->T,poxA,A21V,,,,,,,,
148,208,6.5S1,4375768,Insertion,6_bp,mutL,,ECB_04037,cds,4375567.0,4377414.0,DNA mismatch repair protein,,,
149,209,6.5S1,4425769,S-SNP,A->G,msrA,,ECB_04090,cds,4425295.0,4425933.0,methionine sulfoxide reductase A,,,
150,210,6.5S1,4471801,Insertion,1_bp,yjgR,,ECB_04129,cds,4471788.0,4473290.0,predicted ATPase,,,
151,214,6.5S1,4584759,NS-SNP,A->G,yjjM,F13L,,,,,,,,
152,215,6.5S1,4590035,NS-SNP,G->A,dnaC,R59C,ECB_04238,cds,4589472.0,4590209.0,DNA biosynthesis protein,,,
153,216,6.5S1,4591454,S-SNP,G->A,yjjP,,ECB_04241,cds,4591322.0,4592092.0,predicted inner membrane protein,,,
154,217,6.5S1,4615700,NS-SNP,G->A,nadR,E58K,ECB_04266,cds,4615529.0,4616761.0,nicotinamide-nucleotide adenylyltransferase,,,
155,218,6.5S1,4628190,NS-SNP,G->A,arcA,L93F,ECB_04277,cds,4627750.0,4628466.0,DNA-binding response regulator in two-component regulatory system with ArcB or CpxA,,,
156,219,6.5L4,92773,S-SNP,A->G,mraZ,,,,,,,,,
157,220,6.5L4,94365,NS-SNP,C->T,ftsI,P50L,ECB_00085,cds,94217.0,95983.0,transpeptidase involved in septal peptidoglycan synthesis (penicillin-binding protein 3),,,
158,221,6.5L4,95020,S-SNP,C->T,ftsI,,ECB_00085,cds,94217.0,95983.0,transpeptidase involved in septal peptidoglycan synthesis (penicillin-binding protein 3),,,
159,222,6.5L4,100745,S-SNP,A->G,murD,,ECB_00089,cds,99891.0,101207.0,UDP-N-acetylmuramoyl-L-alanyl-D-glutamatesynthetase,,,
160,223,6.5L4,115677,NS-SNP,A->G,coaE,V116A,ECB_00103,cds,115403.0,116023.0,dephospho-CoA kinase,,,
161,224,6.5L4,129638,S-SNP,C->T,aceF,,ECB_00114,cds,128499.0,130391.0,dihydrolipoamide acetyltransferase,,,
162,225,6.5L4,178541,NS-SNP,T->C,clcA,L198S,,,,,,,,
163,226,6.5L4,205872,S-SNP,C->T,lpxA,,ECB_00179,cds,205402.0,206190.0,UDP-N-acetylglucosamine acyltransferase,,,
164,227,6.5L4,266234,S-SNP,A->G,proA,,ECB_00240,cds,265995.0,267248.0,gamma-glutamyl phosphate reductase,,,
165,228,6.5L4,294649,S-SNP,A->G,ykgE,,ECB_00262,cds,294257.0,294976.0,predicted oxidoreductase,,,
166,229,6.5L4,328102,NS-SNP,A->G,codB,T209A,ECB_00290,cds,327478.0,328737.0,cytosine transporter,,,
167,230,6.5L4,332236,S-SNP,G->A,cynS,,ECB_00294,cds,332045.0,332515.0,cyanate hydratase,,,
168,231,6.5L4,379317,Insertion,1_bp,mak,,,,,,,,,
169,232,6.5L4,423643,NS-SNP,A->G,ampG,V203A,ECB_00384,cds,422775.0,424250.0,muropeptide transporter,,,
170,233,6.5L4,458996,NS-SNP,C->T,kefA,Q132*,ECB_00416,cds,458603.0,461965.0,fused conserved hypothetical protein,,,
171,234,6.5L4,474561,NS-SNP,A->G,ybaL,S249P,ECB_00429,cds,473629.0,475305.0,predicted transporter with NAD(P)-binding Rossmann-fold domain,,,
172,235,6.5L4,486377,NS-SNP,C->T,cueR,P73S,ECB_00438,cds,486161.0,486568.0,DNA-binding transcriptional activator protein,,,
173,236,6.5L4,486436,S-SNP,A->G,cueR,,ECB_00438,cds,486161.0,486568.0,DNA-binding transcriptional activator protein,,,
174,237,6.5L4,492859,S-SNP,C->T,ybbP,,ECB_00447,cds,492584.0,494998.0,predicted inner membrane protein,,,
175,238,6.5L4,501047,Insertion,1_bp,ybbD,,ECB_00451,cds,500807.0,501067.0,hypothetical protein,,,
176,239,6.5L4,506968,NS-SNP,G->A,gcl,R296H,ECB_00457,cds,506082.0,507863.0,glyoxylate carboligase,,,
177,240,6.5L4,535466,NS-SNP,G->A,sfmF,C8Y,ECB_00484,cds,535444.0,535959.0,predicted fimbrial-like adhesin protein,,,
178,241,6.5L4,574371,NS-SNP,C->T,cusS,A435T,ECB_00531,cds,574225.0,575673.0,"sensory histidine kinase in two-component regulatory system with CusR, senses copper ions",,,
179,242,6.5L4,620503,Insertion,1_bp,dsbG,,ECB_00573,cds,619863.0,620624.0,periplasmic disulfide isomerase/thiol-disulphide oxidase,,,
180,243,6.5L4,624498,NS-SNP,A->G,ybdR,I120M,ECB_00577,cds,624139.0,625377.0,"predicted oxidoreductase, Zn-dependent and NAD(P)-binding",,,
181,244,6.5L4,626325,NS-SNP,A->G,rna,S244P,ECB_00579,cds,626248.0,627054.0,ribonuclease I,,,
182,245,6.5L4,649522,NS-SNP,C->T,mrdA,G427D,ECB_00604,cds,648900.0,650801.0,transpeptidase involved in peptidoglycan synthesis (penicillin-binding protein 2),,,
183,246,6.5L4,650661,NS-SNP,A->C,mrdA,F47L,ECB_00604,cds,648900.0,650801.0,transpeptidase involved in peptidoglycan synthesis (penicillin-binding protein 2),,,
184,247,6.5L4,664445,SNP,G->A,gltL,,,,,,,,,
185,248,6.5L4,681728,NS-SNP,T->C,nagD,S232G,ECB_00632,cds,681669.0,682421.0,UMP phosphatase,,,
186,250,6.5L4,804885,S-SNP,A->G,bioC,,ECB_00744,cds,804148.0,804903.0,"predicted methltransferase, enzyme of biotin synthesis",,,
187,251,6.5L4,806804,NS-SNP,A->G,uvrB,D218G,ECB_00746,cds,806152.0,808173.0,excinuclease ABC subunit B,,,
188,256,6.5L4,933517,S-SNP,T->C,ybjD,,ECB_00881,cds,933179.0,934837.0,conserved hypothetical protein with nucleoside triphosphate hydrolase domain,,,
189,259,6.5L4,999514,NS-SNP,A->G,ycbB,N459S,ECB_00929,cds,998139.0,999986.0,predicted carboxypeptidase,,,
190,260,6.5L4,1025569,NS-SNP,C->T,ycbY,T212I,ECB_00952,cds,1024935.0,1027043.0,predicted methyltransferase,,,
191,261,6.5L4,1030571,S-SNP,C->T,pqiB,,ECB_00955,cds,1030350.0,1031990.0,paraquat-inducible protein B,,,
192,264,6.5L4,1053644,NS-SNP,A->G,hyaE,D67G,ECB_00979,cds,1053445.0,1053843.0,HyaE,,,
193,265,6.5L4,1057125,NS-SNP,G->A,appB,V247M,ECB_00982,cds,1056387.0,1057523.0,"cytochrome bd-II oxidase, subunit II",,,
194,266,6.5L4,1124264,NS-SNP,G->A,mdoG,D121N,ECB_01045,cds,1123904.0,1125439.0,"glucan biosynthesis protein, periplasmic",,,
195,267,6.5L4,1161821,S-SNP,A->G,yceD,,ECB_01084,cds,1161363.0,1161884.0,hypothetical protein,,,
196,268,6.5L4,1202311,S-SNP,A->G,pepT,,ECB_01125,cds,1201214.0,1202440.0,peptidase T,,,
197,269,6.5L4,1234147,NS-SNP,G->A,nhaB,R241C,ECB_01161,cds,1233326.0,1234867.0,sodium/proton antiporter,,,
198,270,6.5L4,1246849,S-SNP,C->T,treA,,ECB_01172,cds,1245829.0,1247526.0,periplasmic trehalase,,,
199,271,6.5L4,1301081,NS-SNP,A->G,oppB,M197V,ECB_01218,cds,1300493.0,1301413.0,oligopeptide permease ABC transporter membrane protein,,,
200,274,6.5L4,1306976,S-SNP,A->G,kch,,ECB_01224,cds,1306610.0,1307863.0,voltage-gated potassium channel,,,
201,275,6.5L4,1354410,NS-SNP,G->A,sapA,T357I,ECB_01271,cds,1353836.0,1355479.0,predicted antimicrobial peptide transporter subunit,,,
202,276,6.5L4,1357910,Insertion,1_bp,puuA,,,,,,,,,
203,277,6.5L4,1366183,NS-SNP,A->G,pspF,L33P,ECB_01280,cds,1365303.0,1366280.0,DNA-binding transcriptional activator,,,
204,278,6.5L4,1371247,NS-SNP,A->G,ycjN,Q324R,ECB_01287,cds,1370277.0,1371569.0,predicted sugar transporter subunit,,,
205,279,6.5L4,1378694,Deletion,1_bp,ycjU,,ECB_01294,cds,1378516.0,1379175.0,predicted beta-phosphoglucomutase,,,
206,280,6.5L4,1383106,S-SNP,G->A,ycjX,,ECB_01298,cds,1382486.0,1383883.0,conserved hypothetical protein with nucleoside triphosphate hydrolase domain,,,
207,281,6.5L4,1465797,NS-SNP,A->G,ydcJ,E134G,ECB_01380,cds,1465397.0,1466740.0,hypothetical protein,,,
208,282,6.5L4,1510661,NS-SNP,C->T,narV,W36*,ECB_01423,cds,1510088.0,1510768.0,"nitrate reductase 2 (NRZ), gamma subunit",,,
209,285,6.5L4,1646650,S-SNP,A->G,ynfL,,ECB_01564,cds,1645894.0,1646787.0,predicted DNA-binding transcriptional regulator,,,
210,289,6.5L4,1726247,NS-SNP,C->T,ydhT,A194T,ECB_01638,cds,1726014.0,1726826.0,hypothetical protein,,,
211,290,6.5L4,1733754,NS-SNP,A->T,pykF,I264F,ECB_01645,cds,1732965.0,1734377.0,pyruvate kinase,,,
212,292,6.5L4,1810725,S-SNP,T->C,ydjX,,ECB_01719,cds,1810666.0,1811376.0,predicted inner membrane protein,,,
213,293,6.5L4,1826622,S-SNP,T->C,sppA,,ECB_01735,cds,1826065.0,1827921.0,protease IV (signal peptide peptidase),,,
214,294,6.5L4,1881497,NS-SNP,T->C,manX,F291L,ECB_01787,cds,1880627.0,1881598.0,fused mannose-specific PTS enzymes,,,
215,295,6.5L4,1928817,NS-SNP,T->C,aspS,D159G,ECB_01837,cds,1927520.0,1929292.0,aspartyl-tRNA synthetase,,,
216,296,6.5L4,1940852,Deletion,1_bp,yecT,,ECB_01848,cds,1940742.0,1941230.0,hypothetical protein,,,
217,297,6.5L4,1944477,Deletion,1_bp,flhB,,ECB_01851,cds,1943813.0,1944961.0,flagellar biosynthesis protein B,,,
218,298,6.5L4,1961078,NS-SNP,T->C,araH,K154E,ECB_01867,cds,1960548.0,1961537.0,fused L-arabinose transporter subunits of ABC superfamily,,,
219,299,6.5L4,2010137,NS-SNP,T->C,yeeA,K300E,ECB_01911,cds,2009976.0,2011034.0,conserved inner membrane protein,,,
220,301,6.5L4,2078110,NS-SNP,T->C,yegE,F547L,ECB_01973,cds,2076472.0,2079777.0,"predicted diguanylate cyclase, GGDEF domain signalling protein",,,
221,305,6.5L4,2126793,S-SNP,T->C,gatC,,ECB_02018,cds,2126283.0,2127638.0,galactitol-specific enzyme IIC component of PTS,,,
222,306,6.5L4,2132366,NS-SNP,C->T,fbaB,A110T,ECB_02025,cds,2131641.0,2132693.0,fructose-bisphosphate aldolase,,,
223,309,6.5L4,2171395,S-SNP,G->A,bglX,,ECB_02062,cds,2170930.0,2173227.0,"beta-D-glucoside glucohydrolase, periplasmic",,,
224,310,6.5L4,2186143,S-SNP,T->C,yeiT,,ECB_02075,cds,2185271.0,2186509.0,predicted oxidoreductase,,,
225,311,6.5L4,2224713,NS-SNP,T->C,yejA,Y388H,ECB_02107,cds,2223552.0,2225366.0,predicted oligopeptide transporter subunit,,,
226,312,6.5L4,2233001,Insertion,1_bp,yejH,,ECB_02114,cds,2231820.0,2233580.0,predicted ATP-dependet helicase,,,
227,313,6.5L4,2246435,S-SNP,C->T,ccmB,,ECB_02127,cds,2246351.0,2247013.0,heme exporter subunit,,,
228,316,6.5L4,2325601,S-SNP,A->G,menD,,ECB_02191,cds,2324102.0,2325772.0,"2-succinyl-6-hydroxy-2, 4-cyclohexadiene-1-carboxylate synthase",,,
229,317,6.5L4,2366466,S-SNP,G->A,yfcI,,ECB_02230,cds,2366241.0,2367131.0,hypothetical protein,,,
230,318,6.5L4,2431702,NS-SNP,T->C,yfdZ,H273R,ECB_02289,cds,2431281.0,2432519.0,hypothetical protein,,,
231,319,6.5L4,2544773,NS-SNP,C->T,ppk,P304L,ECB_02393,cds,2543863.0,2545929.0,polyphosphate kinase,,,
232,321,6.5L4,2633002,NS-SNP,C->T,nadB,R364C,ECB_02468,cds,2631913.0,2633535.0,L-aspartate oxidase,,,
233,322,6.5L4,2633980,NS-SNP,G->A,yfiC,P93L,ECB_02469,cds,2633520.0,2634257.0,predicted S-adenosyl-L-methionine-dependent methyltransferase,,,
234,323,6.5L4,2639803,S-SNP,G->A,yfiF,,ECB_02475,cds,2638984.0,2640021.0,predicted methyltransferase,,,
235,324,6.5L4,2646652,S-SNP,T->C,kgtP,,ECB_02481,cds,2645941.0,2647239.0,alpha-ketoglutarate transporter,,,
236,325,6.5L4,2700659,NS-SNP,C->T,proV,Q365*,ECB_02533,cds,2699567.0,2700769.0,glycine betaine transporter subunit,,,
237,326,6.5L4,2704628,Insertion,1_bp,ygaZ,,ECB_02537,cds,2704476.0,2705213.0,predicted transporter,,,
238,327,6.5L4,2708050,S-SNP,T->C,emrB,,ECB_02541,cds,2707475.0,2709013.0,multidrug efflux system protein,,,
239,328,6.5L4,2735375,NS-SNP,T->C,ascF,M331T,ECB_02565,cds,2734384.0,2735841.0,fused cellobiose/arbutin/salicin-specific PTS enzymes,,,
240,329,6.5L4,2757641,NS-SNP,G->A,ygbK,M149I,ECB_02587,cds,2757195.0,2758457.0,hypothetical protein,,,
241,332,6.5L4,2800862,NS-SNP,T->C,relA,D573G,ECB_02629,cds,2800345.0,2802579.0,(p)ppGpp synthetase I/GTP pyrophosphokinase,,,
242,333,6.5L4,2805234,NS-SNP,T->C,barA,V417A,ECB_02631,cds,2803985.0,2806741.0,"hybrid sensory histidine kinase, in two-component regulatory system with UvrY",,,
243,334,6.5L4,2840130,NS-SNP,G->A,ygdL,P111L,ECB_02663,cds,2839655.0,2840461.0,hypothetical protein,,,
244,335,6.5L4,2876176,NS-SNP,G->A,araE,R210C,ECB_02689,cds,2875385.0,2876803.0,arabinose transporter,,,
245,337,6.5L4,2976544,S-SNP,T->C,endA,,ECB_02775,cds,2976098.0,2976805.0,DNA-specific endonuclease I,,,
246,338,6.5L4,2977749,NS-SNP,G->A,gshB,G41S,ECB_02777,cds,2977629.0,2978579.0,glutathione synthetase,,,
247,342,6.5L4,3037784,NS-SNP,G->A,epsD,T404M,,,,,,,,
248,343,6.5L4,3043945,Deletion,1_bp,yghJ,,ECB_02842,cds,3041450.0,3046003.0,predicted inner membrane lipoprotein,,,
249,345,6.5L4,3123048,NS-SNP,A->G,yqiH,Y111C,ECB_02917,cds,3122717.0,3123466.0,predicted periplasmic pilin chaperone,,,
250,346,6.5L4,3145003,S-SNP,G->A,dnaG,,ECB_02936,cds,3143924.0,3145669.0,DNA primase,,,
251,347,6.5L4,3147638,NS-SNP,C->T,rpoD,A592V,ECB_02937,cds,3145864.0,3147705.0,RNA polymerase sigma factor,,,
252,349,6.5L4,3155898,NS-SNP,T->C,ebgA,F150S,ECB_02945,cds,3155450.0,3158542.0,"cryptic beta-D-galactosidase, alpha subunit",,,
253,350,6.5L4,3170559,S-SNP,A->G,ygjR,,ECB_02956,cds,3170110.0,3171114.0,predicted NAD(P)-binding dehydrogenase,,,
254,351,6.5L4,3189150,NS-SNP,T->C,yhaM,T179A,ECB_02977,cds,3188374.0,3189684.0,hypothetical protein,,,
255,354,6.5L4,3218529,NS-SNP,G->A,kbaY,G52R,,,,,,,,
256,355,6.5L4,3220182,NS-SNP,A->G,agaC,T89A,ECB_03006,cds,3219918.0,3220721.0,N-acetylgalactosamine-specific enzyme IIC component of PTS,,,
257,356,6.5L4,3249780,NS-SNP,T->C,infB,Q490R,ECB_03035,cds,3248576.0,3251248.0,translation initiation factor IF-2,,,
258,357,6.5L4,3250447,NS-SNP,G->A,infB,H268Y,ECB_03035,cds,3248576.0,3251248.0,translation initiation factor IF-2,,,
259,358,6.5L4,3271434,NS-SNP,G->A,murA,P99L,ECB_03054,cds,3270470.0,3271729.0,UDP-N-acetylglucosamine 1-carboxyvinyltransferase,,,
260,359,6.5L4,3311431,S-SNP,T->C,mdh,,ECB_03096,cds,3311227.0,3312165.0,malate dehydrogenase,,,
261,360,6.5L4,3373127,NS-SNP,T->C,rpsE,H3R,ECB_03154,cds,3372631.0,3373134.0,30S ribosomal protein S5,,,
262,361,6.5L4,3385583,S-SNP,G->A,gspD,,ECB_03176,cds,3384282.0,3386234.0,"general secretory pathway component, cryptic",,,
263,362,6.5L4,3432156,NS-SNP,G->A,frlR,R67H,,,,,,,,
264,363,6.5L4,3478428,S-SNP,G->A,malQ,,ECB_03268,cds,3476586.0,3478670.0,4-alpha-glucanotransferase (amylomaltase),,,
265,366,6.5L4,3610949,NS-SNP,T->C,yhjJ,S162G,ECB_03375,cds,3609936.0,3611432.0,predicted zinc-dependent peptidase,,,
266,372,6.5L4,3677560,S-SNP,G->A,lyxK,,ECB_03432,cds,3677540.0,3679036.0,L-xylulose kinase,,,
267,373,6.5L4,3711647,NS-SNP,T->C,yibL,V97A,ECB_03458,cds,3711358.0,3711720.0,hypothetical protein,,,
268,374,6.5L4,3724621,NS-SNP,T->C,secB,T92A,ECB_03467,cds,3724427.0,3724894.0,export protein SecB,,,
269,375,6.5L4,3762120,NS-SNP,C->A,spoT,A455D,ECB_03507,cds,3760757.0,3762865.0,"bifunctional (p)ppGpp synthetase II/ guanosine-3',5'-bis pyrophosphate 3'-pyrophosphohydrolase",,,
270,380,6.5L4,3891917,Insertion,1_bp,trkD,,,,,,,,,
271,382,6.5L4,3899899,IS_Insertion,IS150,rbsK,,ECB_03638,cds,3899101.0,3900030.0,ribokinase,,,
272,383,6.5L4,4101025,NS-SNP,C->T,hslU,R69H,ECB_03816,cds,4099899.0,4101230.0,ATP-dependent protease ATP-binding subunit,,,
273,384,6.5L4,4111714,Deletion,1_bp,metL,,ECB_03826,cds,4109942.0,4112374.0,bifunctional aspartate kinase II/homoserine dehydrogenase II,,,
274,385,6.5L4,4111718,NS-SNP,A->C,metL,T593P,ECB_03826,cds,4109942.0,4112374.0,bifunctional aspartate kinase II/homoserine dehydrogenase II,,,
275,386,6.5L4,4176939,NS-SNP,T->C,nudC,L142P,ECB_03873,cds,4176515.0,4177288.0,NADH pyrophosphatase,,,
276,387,6.5L4,4186693,NS-SNP,T->G,purH,K142T,ECB_03883,cds,4185528.0,4187117.0,bifunctional phosphoribosylaminoimidazolecarboxamide formyltransferase/IMP cyclohydrolase,,,
277,388,6.5L4,4202021,NS-SNP,C->T,iclR,R180H,ECB_03890,cds,4201735.0,4202559.0,DNA-binding transcriptional repressor,,,
278,389,6.5L4,4218174,Insertion,1_bp,yjbH,,ECB_03901,cds,4216566.0,4218662.0,predicted porin,,,
279,391,6.5L4,4233773,S-SNP,G->A,plsB,,ECB_03913,cds,4232975.0,4235398.0,glycerol-3-phosphate acyltransferase,,,
280,392,6.5L4,4272034,Insertion,1_bp,nrfE,,ECB_03946,cds,4270445.0,4272103.0,"heme lyase (NrfEFG) for insertion of heme into c552, subunit NrfE",,,
281,395,6.5L4,4303399,NS-SNP,G->A,phnC,T194I,ECB_03977,cds,4303191.0,4303979.0,phosphonate/organophosphate ester transporter subunit,,,
282,397,6.5L4,4332962,NS-SNP,C->T,lysU,G159D,ECB_04000,cds,4331920.0,4333437.0,"lysine tRNA synthetase, inducible",,,
283,398,6.5L4,4375768,Insertion,6_bp,mutL,,ECB_04037,cds,4375567.0,4377414.0,DNA mismatch repair protein,,,
284,399,6.5L4,4387084,Insertion,1_bp,rnr,,ECB_04046,cds,4384809.0,4387250.0,"exoribonuclease R, RNase R",,,
285,400,6.5L4,4471093,S-SNP,T->C,yjgQ,,ECB_04128,cds,4470545.0,4471627.0,conserved inner membrane protein,,,
286,406,6.5L4,4530134,Deletion,1_bp,fimH,,ECB_04189,cds,4529722.0,4530624.0,minor component of type 1 fimbriae,,,
287,407,6.5L4,4543192,NS-SNP,T->C,yjiJ,H133R,ECB_04201,cds,4542411.0,4543589.0,predicted inner membrane protein,,,
288,408,6.5L4,4560588,NS-SNP,C->T,hsdM,A146T,ECB_04215,cds,4559434.0,4561023.0,DNA methylase M,,,
289,409,6.5L4,4584759,NS-SNP,A->G,yjjM,F13L,,,,,,,,
290,410,6.5L4,4595443,Deletion,1_bp,leuP,,ECB_t00085,ncrna,4595434.0,4595520.0,,,,
291,411,6.5L4,4615700,NS-SNP,G->A,nadR,E58K,ECB_04266,cds,4615529.0,4616761.0,nicotinamide-nucleotide adenylyltransferase,,,
